2,2,2,8,0.0917978287
2,2,3,12,0.1352219582
2,2,4,16,0.1789319515
2,2,5,20,0.2236728668
2,2,6,24,0.2702260017
2,2,7,28,0.3326220512
2,2,8,32,0.3528370857
2,2,9,36,0.5270450115
2,2,10,40,0.5850410461
2,2,11,44,0.6428830624
2,2,12,48,0.7035009861
2,2,13,52,0.761286974
2,2,14,56,0.8151941299
2,3,2,12,0.1336989403
2,3,3,18,0.2003998756
2,3,4,24,0.2634971142
2,3,5,30,0.3306999207
2,3,6,36,0.4004690647
2,3,7,42,0.4633789063
2,3,8,48,0.5255360603
2,3,9,54,0.7906210423
2,3,10,60,0.8818109035
2,3,11,66,0.9726450443
2,3,12,72,1.048719883
2,3,13,78,1.1430990696
2,3,14,84,1.226293087
2,4,2,16,0.1787691116
2,4,3,24,0.2666420937
2,4,4,32,0.3513388634
2,4,5,40,0.4424099922
2,4,6,48,0.5321750641
2,4,7,56,0.6241850853
2,4,8,64,0.7029268742
2,4,9,72,1.0592908859
2,4,10,80,1.1744740009
2,4,11,88,1.292440176
2,4,12,96,1.410353899
2,4,13,104,1.5335540771
2,4,14,112,1.6483061314
2,5,2,20,0.2230000496
2,5,3,30,0.3342280388
2,5,4,40,0.4419469833
2,5,5,50,0.5531840324
2,5,6,60,0.6663150787
2,5,7,70,0.7707979679
2,5,8,80,0.8874359131
2,5,9,90,1.3193049431
2,5,10,100,1.4719200134
2,5,11,110,1.613227129
2,5,12,120,1.7684280872
2,5,13,130,1.901968956
2,5,14,140,2.0644800663
2,6,2,24,0.2712340355
2,6,3,36,0.4006581306
2,6,4,48,0.5338010788
2,6,5,60,0.6679649353
2,6,6,72,0.8022320271
2,6,7,84,0.9276101589
2,6,8,96,1.063338995
2,6,9,108,1.5938420296
2,6,10,120,1.7725281715
2,6,11,132,1.9436080456
2,6,12,144,2.1217598915
2,6,13,156,2.2880899906
2,6,14,168,2.4753518105
2,7,2,28,0.3175830841
2,7,3,42,0.4692821503
2,7,4,56,0.6253399849
2,7,5,70,0.7735009193
2,7,6,84,0.9321410656
2,7,7,98,1.0972380638
2,7,8,112,1.25126791
2,7,9,126,1.8488879204
2,7,10,140,2.0642180443
2,7,11,154,2.2590260506
2,7,12,168,2.4821689129
2,7,13,182,2.6983759403
2,7,14,196,2.8755948544
2,8,2,32,0.3646979332
2,8,3,48,0.539760828
2,8,4,64,0.7194459438
2,8,5,80,0.9106311798
2,8,6,96,1.079985857
2,8,7,112,1.239410162
2,8,8,128,1.4245998859
2,8,9,144,2.1246972084
2,8,10,160,2.3552389145
2,8,11,176,2.6135549545
2,8,12,192,2.8227441311
2,8,13,208,3.0782670975
2,8,14,224,3.2875919342
2,9,2,36,0.4104371071
2,9,3,54,0.6117339134
2,9,4,72,0.8031580448
2,9,5,90,1.0057191849
2,9,6,108,1.2009739876
2,9,7,126,1.4084339142
2,9,8,144,1.6113510132
2,9,9,162,2.4123780727
2,9,10,180,2.6508491039
2,9,11,198,2.9257559776
2,9,12,216,3.2080850601
2,9,13,234,3.4433591366
2,9,14,252,3.7435119152
2,10,2,40,0.4601640701
2,10,3,60,0.6785590649
2,10,4,80,0.9063251019
2,10,5,100,1.1215407848
2,10,6,120,1.3448200226
2,10,7,140,1.5648369789
2,10,8,160,1.8000130653
2,10,9,180,2.6557118893
2,10,10,200,2.967425108
2,10,11,220,3.2756659985
2,10,12,240,3.5436749458
2,10,13,260,3.8781030178
2,10,14,280,4.1436390877
2,11,2,44,0.5056679249
2,11,3,66,0.7481818199
2,11,4,88,0.9887740612
2,11,5,110,1.239274025
2,11,6,132,1.4875028133
2,11,7,154,1.7213640213
2,11,8,176,1.9715740681
2,11,9,198,2.9435660839
2,11,10,220,3.2488667965
2,11,11,242,3.5662791729
2,11,12,264,3.9177818298
2,11,13,286,4.2310011387
2,11,14,308,4.5906941891
2,12,2,48,0.5533518791
2,12,3,72,0.8187580109
2,12,4,96,1.0865089893
2,12,5,120,1.3447899818
2,12,6,144,1.6226248741
2,12,7,168,1.8857181072
2,12,8,192,2.1594910622
2,12,9,216,3.1984791756
2,12,10,240,3.5948879719
2,12,11,264,3.952288866
2,12,12,288,4.3030641079
2,12,13,312,4.7171669006
2,12,14,336,5.0624041557
2,13,2,52,0.6069560051
2,13,3,78,0.9020550251
2,13,4,104,1.1982719898
2,13,5,130,1.4822330475
2,13,6,156,1.7762789726
2,13,7,182,2.0712888241
2,13,8,208,2.3636379242
2,13,9,234,3.5068910122
2,13,10,260,3.9514708519
2,13,11,286,4.2368891239
2,13,12,312,4.6583909988
2,13,13,338,5.0536730289
2,13,14,364,5.4907159805
2,14,2,56,0.6630010605
2,14,3,84,0.9749410152
2,14,4,112,1.273070097
2,14,5,140,1.5812880993
2,14,6,168,1.8973898888
2,14,7,196,2.210901022
2,14,8,224,2.5280470848
2,14,9,252,3.7837219238
2,14,10,280,4.2220108509
2,14,11,308,4.6144051552
2,14,12,336,5.0407290459
2,14,13,364,5.4442739487
2,14,14,392,5.8534369469
3,2,2,12,0.1354560852
3,2,3,18,0.1985270977
3,2,4,24,0.2647590637
3,2,5,30,0.3325941563
3,2,6,36,0.3954880238
3,2,7,42,0.4645340443
3,2,8,48,0.5322258472
3,2,9,54,0.5963208675
3,2,10,60,0.6573750973
3,2,11,66,0.7291181087
3,2,12,72,1.0506238937
3,2,13,78,1.1526639462
3,2,14,84,1.2580721378
3,3,2,18,0.2069880962
3,3,3,27,0.3073740005
3,3,4,36,0.4080071449
3,3,5,45,0.4997959137
3,3,6,54,0.6089270115
3,3,7,63,0.7088727951
3,3,8,72,0.8077180386
3,3,9,81,0.91289711
3,3,10,90,1.0252120495
3,3,11,99,1.1122419834
3,3,12,108,1.2115681171
3,3,13,117,1.7478899956
3,3,14,126,1.888379097
3,4,2,24,0.2721171379
3,4,3,36,0.4050691128
3,4,4,48,0.5519089699
3,4,5,60,0.6663789749
3,4,6,72,0.81051898
3,4,7,84,0.9413888454
3,4,8,96,1.0877358913
3,4,9,108,1.2302911282
3,4,10,120,1.3623440266
3,4,11,132,1.4862070084
3,4,12,144,1.6593000889
3,4,13,156,2.4322600365
3,4,14,168,2.5992040634
3,5,2,30,0.3381040096
3,5,3,45,0.5074498653
3,5,4,60,0.6758110523
3,5,5,75,0.8420479298
3,5,6,90,1.0152568817
3,5,7,105,1.194986105
3,5,8,120,1.3408150673
3,5,9,135,1.524023056
3,5,10,150,1.7290759087
3,5,11,165,1.8728291988
3,5,12,180,2.0925819874
3,5,13,195,3.100705862
3,5,14,210,3.2884747982
3,6,2,36,0.4085140228
3,6,3,54,0.6043169498
3,6,4,72,0.8063960075
3,6,5,90,1.0083091259
3,6,6,108,1.2125470638
3,6,7,126,1.4303278923
3,6,8,144,1.6466991901
3,6,9,162,1.8393189907
3,6,10,180,2.0668590069
3,6,11,198,2.3099989891
3,6,12,216,2.4944469929
3,6,13,234,3.702121973
3,6,14,252,3.9902629852
3,7,2,42,0.4806511402
3,7,3,63,0.7168519497
3,7,4,84,0.939895153
3,7,5,105,1.1821210384
3,7,6,126,1.4324629307
3,7,7,147,1.6816060543
3,7,8,168,1.933355093
3,7,9,189,2.1807720661
3,7,10,210,2.392439127
3,7,11,231,2.7229540348
3,7,12,252,2.9890470505
3,7,13,273,4.4259309769
3,7,14,294,4.7251131535
3,8,2,48,0.5546710491
3,8,3,72,0.818117857
3,8,4,96,1.0807831287
3,8,5,120,1.3571989536
3,8,6,144,1.6369900703
3,8,7,168,1.895471096
3,8,8,192,2.236634016
3,8,9,216,2.5157279968
3,8,10,240,2.8204610348
3,8,11,264,3.1407411098
3,8,12,288,3.3902351856
3,8,13,312,4.9965479374
3,8,14,336,5.3982360363
3,9,2,54,0.6268839836
3,9,3,81,0.9146108627
3,9,4,108,1.2183330059
3,9,5,135,1.5430150032
3,9,6,162,1.8267331123
3,9,7,189,2.1596000195
3,9,8,216,2.5033910275
3,9,9,243,2.8500959873
3,9,10,270,3.1876199245
3,9,11,297,3.5230131149
3,9,12,324,3.9011120796
3,9,13,351,5.8045430183
3,9,14,378,6.2026610374
3,10,2,60,0.6968431473
3,10,3,90,1.0250220299
3,10,4,120,1.3689229488
3,10,5,150,1.7142319679
3,10,6,180,2.0562169552
3,10,7,210,2.4099531174
3,10,8,240,2.7939269543
3,10,9,270,3.1225681305
3,10,10,300,3.5199820995
3,10,11,330,3.9415199757
3,10,12,360,4.370677948
3,10,13,390,6.4464528561
3,10,14,420,6.9193270206
3,11,2,66,0.7728281021
3,11,3,99,1.1341741085
3,11,4,132,1.5039439201
3,11,5,165,1.9021289349
3,11,6,198,2.2636590004
3,11,7,231,2.6542448997
3,11,8,264,3.1080429554
3,11,9,297,3.4479849339
3,11,10,330,3.8803319931
3,11,11,363,4.3452641964
3,11,12,396,4.7722818851
3,11,13,429,6.9742770195
3,11,14,462,7.8138852119
3,12,2,72,0.8495349884
3,12,3,108,1.2406818867
3,12,4,144,1.6490211487
3,12,5,180,2.0569229126
3,12,6,216,2.4943602085
3,12,7,252,2.9016728401
3,12,8,288,3.3803038597
3,12,9,324,3.8241629601
3,12,10,360,4.3170390129
3,12,11,396,4.7457129955
3,12,12,432,5.2838971615
3,12,13,468,7.7967171669
3,12,14,504,8.3589379787
3,13,2,78,0.9233620167
3,13,3,117,1.3566501141
3,13,4,156,1.8063220978
3,13,5,195,2.2682819366
3,13,6,234,2.7165260315
3,13,7,273,3.21606493
3,13,8,312,3.7043399811
3,13,9,351,4.1931769848
3,13,10,390,4.730853796
3,13,11,429,5.2201070786
3,13,12,468,5.7935581207
3,13,13,507,8.5258991718
3,13,14,546,9.0524048805
3,14,2,84,1.0101737976
3,14,3,126,1.4565241337
3,14,4,168,1.9472460747
3,14,5,210,2.43019104
3,14,6,252,2.92695117
3,14,7,294,3.4229099751
3,14,8,336,4.0050661564
3,14,9,378,4.4856359959
3,14,10,420,5.0480530262
3,14,11,462,5.6480779648
3,14,12,504,6.2193160057
3,14,13,546,9.2363739014
3,14,14,588,9.9011731148
4,2,2,16,0.1782171726
4,2,3,24,0.2667450905
4,2,4,32,0.3512609005
4,2,5,40,0.4449529648
4,2,6,48,0.5305759907
4,2,7,56,0.617631197
4,2,8,64,0.702974081
4,2,9,72,0.7933340073
4,2,10,80,0.8790318966
4,2,11,88,0.9700758457
4,2,12,96,1.0573151112
4,2,13,104,1.1526329517
4,2,14,112,1.2247440815
4,3,2,24,0.2679290771
4,3,3,36,0.4005029202
4,3,4,48,0.5351450443
4,3,5,60,0.6691861153
4,3,6,72,0.7999517918
4,3,7,84,0.9309229851
4,3,8,96,1.0746269226
4,3,9,108,1.2165470123
4,3,10,120,1.3540201187
4,3,11,132,1.4958429337
4,3,12,144,1.6349301338
4,3,13,156,1.7711009979
4,3,14,168,1.9874970913
4,4,2,32,0.3590772152
4,4,3,48,0.5356760025
4,4,4,64,0.7093658447
4,4,5,80,0.8953390121
4,4,6,96,1.0818650723
4,4,7,112,1.2549300194
4,4,8,128,1.4596369267
4,4,9,144,1.6385061741
4,4,10,160,1.845015049
4,4,11,176,2.0130820274
4,4,12,192,2.2550110817
4,4,13,208,2.4109239578
4,4,14,224,2.653990984
4,5,2,40,0.4564039707
4,5,3,60,0.6755049229
4,5,4,80,0.8961160183
4,5,5,100,1.1315410137
4,5,6,120,1.3661248684
4,5,7,140,1.6045739651
4,5,8,160,1.8684868813
4,5,9,180,2.0832111835
4,5,10,200,2.3514459133
4,5,11,220,2.6321768761
4,5,12,240,2.9088201523
4,5,13,260,3.2242751122
4,5,14,280,3.4620149136
4,6,2,48,0.5463991165
4,6,3,72,0.8113381863
4,6,4,96,1.0871579647
4,6,5,120,1.365213871
4,6,6,144,1.6464738846
4,6,7,168,1.9282710552
4,6,8,192,2.2844581604
4,6,9,216,2.5506598949
4,6,10,240,2.8859479427
4,6,11,264,3.2013099194
4,6,12,288,3.5403811932
4,6,13,312,3.9052119255
4,6,14,336,4.2300591469
4,7,2,56,0.646061182
4,7,3,84,0.9542300701
4,7,4,112,1.2785079479
4,7,5,140,1.605946064
4,7,6,168,1.9496660233
4,7,7,196,2.2771921158
4,7,8,224,2.6209681034
4,7,9,252,3.0204730034
4,7,10,280,3.4335181713
4,7,11,308,3.7695028782
4,7,12,336,4.1772441864
4,7,13,364,4.6513259411
4,7,14,392,5.2898378372
4,8,2,64,0.7460930347
4,8,3,96,1.0895960331
4,8,4,128,1.4591610432
4,8,5,160,1.8270368576
4,8,6,192,2.2403409481
4,8,7,224,2.6031479836
4,8,8,256,3.0259439945
4,8,9,288,3.455976963
4,8,10,320,4.0470359325
4,8,11,352,4.4703412056
4,8,12,384,4.8614139557
4,8,13,416,5.4670820236
4,8,14,448,5.9833569527
4,9,2,72,0.8408911228
4,9,3,108,1.240571022
4,9,4,144,1.642868042
4,9,5,180,2.0840051174
4,9,6,216,2.5162849426
4,9,7,252,2.9216060638
4,9,8,288,3.4550960064
4,9,9,324,3.874379158
4,9,10,360,4.5364301205
4,9,11,396,4.9399700165
4,9,12,432,5.4907650948
4,9,13,468,6.2241458893
4,9,14,504,6.95788908
4,10,2,80,0.9437119961
4,10,3,120,1.3804571629
4,10,4,160,1.8399338722
4,10,5,200,2.3181898594
4,10,6,240,2.8050689697
4,10,7,280,3.3164539337
4,10,8,320,3.8715388775
4,10,9,360,4.4224469662
4,10,10,400,5.0080900192
4,10,11,440,5.6210801601
4,10,12,480,6.3997890949
4,10,13,520,6.8865330219
4,10,14,560,7.6119458675
4,11,2,88,1.0376899242
4,11,3,132,1.5348010063
4,11,4,176,2.0389370918
4,11,5,220,2.5757689476
4,11,6,264,3.10019207
4,11,7,308,3.667650938
4,11,8,352,4.2826421261
4,11,9,396,4.8107209206
4,11,10,440,5.5709700584
4,11,11,484,6.0628268719
4,11,12,528,6.9805607796
4,11,13,572,7.743117094
4,11,14,616,8.2246918678
4,12,2,96,1.1520369053
4,12,3,144,1.685999155
4,12,4,192,2.2180299759
4,12,5,240,2.7968621254
4,12,6,288,3.4463789463
4,12,7,336,4.0270409584
4,12,8,384,4.8296689987
4,12,9,432,5.379087925
4,12,10,480,6.2304401398
4,12,11,528,7.0122640133
4,12,12,576,7.5977950096
4,12,13,624,8.4048759937
4,12,14,672,9.589455843
4,13,2,104,1.2533018589
4,13,3,156,1.8421301842
4,13,4,208,2.3997778893
4,13,5,260,3.0465638638
4,13,6,312,3.6870729923
4,13,7,364,4.4554009438
4,13,8,416,5.0996699333
4,13,9,468,5.8516838551
4,13,10,520,6.6452260017
4,13,11,572,7.3975570202
4,13,12,624,8.3345179558
4,13,13,676,9.1034171581
4,13,14,728,10.4835109711
4,14,2,112,1.3656690121
4,14,3,168,1.9835941792
4,14,4,224,2.636138916
4,14,5,280,3.2856099606
4,14,6,336,4.0790820122
4,14,7,392,4.7544660568
4,14,8,448,5.5114459991
4,14,9,504,6.3276979923
4,14,10,560,7.3157629967
4,14,11,616,8.1835429668
4,14,12,672,9.7100138664
4,14,13,728,10.4616208076
4,14,14,784,11.2209010124
5,2,2,20,0.2233400345
5,2,3,30,0.3334209919
5,2,4,40,0.441286087
5,2,5,50,0.5539560318
5,2,6,60,0.663433075
5,2,7,70,0.770138979
5,2,8,80,0.8752300739
5,2,9,90,0.9941039085
5,2,10,100,1.0957801342
5,2,11,110,1.2128081322
5,2,12,120,1.3212139606
5,2,13,130,1.4365060329
5,2,14,140,1.5329649448
5,3,2,30,0.3393769264
5,3,3,45,0.4971280098
5,3,4,60,0.6675579548
5,3,5,75,0.8401250839
5,3,6,90,1.0080840588
5,3,7,105,1.1628351212
5,3,8,120,1.3399159908
5,3,9,135,1.5173828602
5,3,10,150,1.6849639416
5,3,11,165,1.853479147
5,3,12,180,2.0275509357
5,3,13,195,2.2002749443
5,3,14,210,2.3796868324
5,4,2,40,0.4517459869
5,4,3,60,0.6721789837
5,4,4,80,0.8957660198
5,4,5,100,1.114125967
5,4,6,120,1.3424611092
5,4,7,140,1.5819430351
5,4,8,160,1.8073771
5,4,9,180,2.042632103
5,4,10,200,2.2726271152
5,4,11,220,2.5139930248
5,4,12,240,2.7506248951
5,4,13,260,3.0157439709
5,4,14,280,3.2370319366
5,5,2,50,0.5719330311
5,5,3,75,0.8430249691
5,5,4,100,1.1227998734
5,5,5,125,1.4327228069
5,5,6,150,1.7043550014
5,5,7,175,1.9841461182
5,5,8,200,2.2942619324
5,5,9,225,2.6028661728
5,5,10,250,2.9100320339
5,5,11,275,3.2184619904
5,5,12,300,3.5085859299
5,5,13,325,3.8893721104
5,5,14,350,4.1324880123
5,6,2,60,0.6975328922
5,6,3,90,1.0284011364
5,6,4,120,1.3529529572
5,6,5,150,1.7110729218
5,6,6,180,2.0617079735
5,6,7,210,2.410531044
5,6,8,240,2.7723600864
5,6,9,270,3.1353361607
5,6,10,300,3.5609030724
5,6,11,330,3.9401171207
5,6,12,360,4.2799780369
5,6,13,390,4.7145380974
5,6,14,420,5.1077210903
5,7,2,70,0.8180449009
5,7,3,105,1.2218489647
5,7,4,140,1.5972177982
5,7,5,175,2.0078439713
5,7,6,210,2.4283180237
5,7,7,245,2.8206989765
5,7,8,280,3.3008260727
5,7,9,315,3.7494010925
5,7,10,350,4.2642300129
5,7,11,385,4.7010481358
5,7,12,420,5.2745730877
5,7,13,455,5.7597329617
5,7,14,490,6.2487370968
5,8,2,80,0.9387969971
5,8,3,120,1.3792331219
5,8,4,160,1.8314208984
5,8,5,200,2.2997741699
5,8,6,240,2.7581930161
5,8,7,280,3.2970890999
5,8,8,320,3.8264739513
5,8,9,360,4.3425722122
5,8,10,400,4.8953421116
5,8,11,440,5.3671500683
5,8,12,480,6.0611000061
5,8,13,520,6.5425338745
5,8,14,560,7.1973800659
5,9,2,90,1.0693118572
5,9,3,135,1.5720670223
5,9,4,180,2.0712971687
5,9,5,225,2.6012749672
5,9,6,270,3.1603829861
5,9,7,315,3.7232868671
5,9,8,360,4.3588950634
5,9,9,405,4.8905661106
5,9,10,450,5.5688159466
5,9,11,495,6.4018230438
5,9,12,540,7.3082230091
5,9,13,585,7.8185081482
5,9,14,630,8.5164110661
5,10,2,100,1.2049028873
5,10,3,150,1.7630059719
5,10,4,200,2.3261480331
5,10,5,250,2.9050831795
5,10,6,300,3.5206518173
5,10,7,350,4.1287589073
5,10,8,400,4.8285620213
5,10,9,450,5.5128839016
5,10,10,500,6.2338399887
5,10,11,550,6.9720869064
5,10,12,600,7.8237841129
5,10,13,650,8.6268160343
5,10,14,700,9.5355160236
5,11,2,110,1.3217639923
5,11,3,165,1.9514989853
5,11,4,220,2.5542359352
5,11,5,275,3.1938560009
5,11,6,330,3.8770070076
5,11,7,385,4.6520130634
5,11,8,440,5.3132989407
5,11,9,495,6.1961128712
5,11,10,550,7.1521239281
5,11,11,605,8.1600461006
5,11,12,660,8.9346709251
5,11,13,715,10.0005698204
5,11,14,770,11.414563179
5,12,2,120,1.4538841248
5,12,3,180,2.1227550507
5,12,4,240,2.8205211163
5,12,5,300,3.5017580986
5,12,6,360,4.3023979664
5,12,7,420,5.0942029953
5,12,8,480,5.8460450172
5,12,9,540,6.7011060715
5,12,10,600,7.8320970535
5,12,11,660,8.5933880806
5,12,12,720,9.7013220787
5,12,13,780,10.8773310184
5,12,14,840,12.4501838684
5,13,2,130,1.5986099243
5,13,3,195,2.3364491463
5,13,4,260,3.0694200993
5,13,5,325,3.8488090038
5,13,6,390,4.6793451309
5,13,7,455,5.5848200321
5,13,8,520,6.6943089962
5,13,9,585,7.4786069393
5,13,10,650,8.8025281429
5,13,11,715,9.8524048328
5,13,12,780,11.1867740154
5,13,13,845,12.3590700626
5,13,14,910,13.1640970707
5,14,2,140,1.7405779362
5,14,3,210,2.5092070103
5,14,4,280,3.3146471977
5,14,5,350,4.1669631004
5,14,6,420,5.0151100159
5,14,7,490,6.0051519871
5,14,8,560,7.0257589817
5,14,9,630,8.1004741192
5,14,10,700,9.5232710838
5,14,11,770,10.4539940357
5,14,12,840,12.0656480789
5,14,13,910,13.2815990448
5,14,14,980,14.8101861477
6,2,2,24,0.2668619156
6,2,3,36,0.3984658718
6,2,4,48,0.526321888
6,2,5,60,0.6619279385
6,2,6,72,0.7865102291
6,2,7,84,0.9176011086
6,2,8,96,1.0517570972
6,2,9,108,1.1956729889
6,2,10,120,1.316742897
6,2,11,132,1.4474511147
6,2,12,144,1.5829930305
6,2,13,156,1.7237010002
6,2,14,168,1.8538379669
6,3,2,36,0.4046800137
6,3,3,54,0.600481987
6,3,4,72,0.7984390259
6,3,5,90,0.9990961552
6,3,6,108,1.2036681175
6,3,7,126,1.4028129578
6,3,8,144,1.6162381172
6,3,9,162,1.8198471069
6,3,10,180,2.0161919594
6,3,11,198,2.2483789921
6,3,12,216,2.4711568356
6,3,13,234,2.6606109142
6,3,14,252,2.8936510086
6,4,2,48,0.5448000431
6,4,3,72,0.8007380962
6,4,4,96,1.0680789948
6,4,5,120,1.3463199139
6,4,6,144,1.6311149597
6,4,7,168,1.9225699902
6,4,8,192,2.234046936
6,4,9,216,2.537635088
6,4,10,240,2.8655800819
6,4,11,264,3.1786851883
6,4,12,288,3.4866349697
6,4,13,312,3.8446741104
6,4,14,336,4.1435329914
6,5,2,60,0.6832191944
6,5,3,90,1.0328991413
6,5,4,120,1.3545968533
6,5,5,150,1.6917550564
6,5,6,180,2.0654242039
6,5,7,210,2.4140458107
6,5,8,240,2.7749881744
6,5,9,270,3.1436419487
6,5,10,300,3.5828049183
6,5,11,330,3.9489569664
6,5,12,360,4.3707289696
6,5,13,390,4.8885700703
6,5,14,420,5.1733579636
6,6,2,72,0.8361067772
6,6,3,108,1.2327451706
6,6,4,144,1.6318252087
6,6,5,180,2.0494039059
6,6,6,216,2.5142891407
6,6,7,252,2.9377920628
6,6,8,288,3.4204881191
6,6,9,324,3.9020090103
6,6,10,360,4.4748871326
6,6,11,396,4.835807085
6,6,12,432,5.3430550098
6,6,13,468,5.8077909946
6,6,14,504,6.5970380306
6,7,2,84,0.986716032
6,7,3,126,1.4355528355
6,7,4,168,1.9202589989
6,7,5,210,2.4168350697
6,7,6,252,2.9264979362
6,7,7,294,3.4485299587
6,7,8,336,4.0348129272
6,7,9,378,4.6278288364
6,7,10,420,5.2709019184
6,7,11,462,5.8809452057
6,7,12,504,6.9209439754
6,7,13,546,7.3451371193
6,7,14,588,8.3033120632
6,8,2,96,1.1267709732
6,8,3,144,1.666465044
6,8,4,192,2.2059910297
6,8,5,240,2.7581558228
6,8,6,288,3.3685548306
6,8,7,336,4.0798289776
6,8,8,384,4.7444148064
6,8,9,432,5.3990089893
6,8,10,480,6.195597887
6,8,11,528,6.7659478188
6,8,12,576,7.317497015
6,8,13,624,8.4223139286
6,8,14,672,9.3655149937
6,9,2,108,1.2808990479
6,9,3,162,1.8820610046
6,9,4,216,2.5237579346
6,9,5,270,3.1751029491
6,9,6,324,3.8561668396
6,9,7,378,4.6134228706
6,9,8,432,5.4697711468
6,9,9,486,6.1919829845
6,9,10,540,7.1686849594
6,9,11,594,8.0833849907
6,9,12,648,9.3457560539
6,9,13,702,10.0259640217
6,9,14,756,11.7344532013
6,10,2,120,1.4556651115
6,10,3,180,2.1228599548
6,10,4,240,2.7897469997
6,10,5,300,3.5356478691
6,10,6,360,4.3501589298
6,10,7,420,5.1703600883
6,10,8,480,5.9311311245
6,10,9,540,7.0672359467
6,10,10,600,7.6980071068
6,10,11,660,8.9749510288
6,10,12,720,10.1221969128
6,10,13,780,11.3684928417
6,10,14,840,12.2513659
6,11,2,132,1.6091349125
6,11,3,198,2.3501291275
6,11,4,264,3.1227529049
6,11,5,330,3.9135651588
6,11,6,396,4.7899019718
6,11,7,462,5.7336320877
6,11,8,528,6.8120670319
6,11,9,594,7.8227860928
6,11,10,660,8.9910740852
6,11,11,726,10.2363159657
6,11,12,792,11.7818579674
6,11,13,858,13.3899698257
6,11,14,924,15.3064308167
6,12,2,144,1.7824640274
6,12,3,216,2.5657029152
6,12,4,288,3.3971180916
6,12,5,360,4.2870490551
6,12,6,432,5.2975108624
6,12,7,504,6.3063988686
6,12,8,576,7.5728878975
6,12,9,648,8.5870680809
6,12,10,720,9.6698660851
6,12,11,792,11.3749439716
6,12,12,864,12.4991118908
6,12,13,936,14.1838259697
6,12,14,1008,15.7525670528
6,13,2,156,1.9387419224
6,13,3,234,2.8122601509
6,13,4,312,3.7191741467
6,13,5,390,4.6999690533
6,13,6,468,5.7644598484
6,13,7,546,6.9576768875
6,13,8,624,8.2585961819
6,13,9,702,9.4006509781
6,13,10,780,11.0094618797
6,13,11,858,12.9040000439
6,13,12,936,14.7282538414
6,13,13,1014,17.0739510059
6,13,14,1092,19.2701640129
6,14,2,168,2.1003360748
6,14,3,252,3.0441172123
6,14,4,336,4.030050993
6,14,5,420,5.0271499157
6,14,6,504,6.1844129562
6,14,7,588,7.5267231464
6,14,8,672,9.1611468792
6,14,9,756,10.253839016
6,14,10,840,11.7088899612
6,14,11,924,14.0671639442
6,14,12,1008,15.3900039196
6,14,13,1092,17.6789290905
6,14,14,1176,21.6064360142
7,2,2,28,0.3124809265
7,2,3,42,0.4625859261
7,2,4,56,0.6195399761
7,2,5,70,0.77176404
7,2,6,84,0.9221868515
7,2,7,98,1.081964016
7,2,8,112,1.223998785
7,2,9,126,1.3842861652
7,2,10,140,1.5309638977
7,2,11,154,1.6802601814
7,2,12,168,1.8476579189
7,2,13,182,2.0123369694
7,2,14,196,2.1310899258
7,3,2,42,0.4760229588
7,3,3,63,0.6982438564
7,3,4,84,0.9367089272
7,3,5,105,1.1754341125
7,3,6,126,1.4183299541
7,3,7,147,1.6311068535
7,3,8,168,1.8989729881
7,3,9,189,2.1303019524
7,3,10,210,2.3696000576
7,3,11,231,2.6162269115
7,3,12,252,2.9030191898
7,3,13,273,3.1512799263
7,3,14,294,3.4471549988
7,4,2,56,0.6399629116
7,4,3,84,0.9444720745
7,4,4,112,1.2540490627
7,4,5,140,1.5748620033
7,4,6,168,1.8842511177
7,4,7,196,2.2367961407
7,4,8,224,2.5613319874
7,4,9,252,2.888343811
7,4,10,280,3.2826259136
7,4,11,308,3.6074390411
7,4,12,336,4.0945549011
7,4,13,364,4.4224009514
7,4,14,392,4.833548069
7,5,2,70,0.8095679283
7,5,3,105,1.1963760853
7,5,4,140,1.5777928829
7,5,5,175,1.9766428471
7,5,6,210,2.4148621559
7,5,7,245,2.840898037
7,5,8,280,3.2980201244
7,5,9,315,3.6839709282
7,5,10,350,4.2493700981
7,5,11,385,4.7480289936
7,5,12,420,5.3635561466
7,5,13,455,5.711826086
7,5,14,490,6.3423771858
7,6,2,84,0.9879300594
7,6,3,126,1.4426968098
7,6,4,168,1.9219708443
7,6,5,210,2.4098141193
7,6,6,252,2.9000341892
7,6,7,294,3.4271829128
7,6,8,336,4.0365509987
7,6,9,378,4.5454788208
7,6,10,420,5.2269778252
7,6,11,462,5.8279430866
7,6,12,504,6.5774729252
7,6,13,546,7.0596899986
7,6,14,588,7.6155929565
7,7,2,98,1.1607618332
7,7,3,147,1.6992650032
7,7,4,196,2.2507970333
7,7,5,245,2.831143856
7,7,6,294,3.4861059189
7,7,7,343,4.1570491791
7,7,8,392,4.8033311367
7,7,9,441,5.6078121662
7,7,10,490,6.6631548405
7,7,11,539,7.0663859844
7,7,12,588,8.1471281052
7,7,13,637,9.2430589199
7,7,14,686,10.4736311436
7,8,2,112,1.3464860916
7,8,3,168,1.9632389545
7,8,4,224,2.5828478336
7,8,5,280,3.2642819881
7,8,6,336,4.0333819389
7,8,7,392,4.7083871365
7,8,8,448,5.55945611
7,8,9,504,6.5047838688
7,8,10,560,7.675868988
7,8,11,616,8.5348091125
7,8,12,672,9.4057080746
7,8,13,728,10.2168819904
7,8,14,784,11.9948720932
7,9,2,126,1.5234909058
7,9,3,189,2.2231230736
7,9,4,252,2.9286420345
7,9,5,315,3.7480220795
7,9,6,378,4.5515589714
7,9,7,441,5.4252998829
7,9,8,504,6.4971599579
7,9,9,567,7.3856570721
7,9,10,630,8.9954440594
7,9,11,693,9.8208289146
7,9,12,756,12.0424768925
7,9,13,819,13.3081560135
7,9,14,882,15.3473248482
7,10,2,140,1.7044980526
7,10,3,210,2.4854300022
7,10,4,280,3.2877109051
7,10,5,350,4.1956579685
7,10,6,420,5.0965108871
7,10,7,490,6.0008080006
7,10,8,560,7.1050009727
7,10,9,630,8.5730550289
7,10,10,700,10.0294659138
7,10,11,770,11.1250400543
7,10,12,840,12.6011929512
7,10,13,910,14.458589077
7,10,14,980,16.9487230778
7,11,2,154,1.9156749249
7,11,3,231,2.7510888577
7,11,4,308,3.6627969742
7,11,5,385,4.7001609802
7,11,6,462,5.7470099926
7,11,7,539,6.9289050102
7,11,8,616,8.3653488159
7,11,9,693,9.45266819
7,11,10,770,11.8364379406
7,11,11,847,12.9266519547
7,11,12,924,16.3178739548
7,11,13,1001,17.3696088791
7,11,14,1078,21.7072808743
7,12,2,168,2.1018610001
7,12,3,252,3.045114994
7,12,4,336,4.0027680397
7,12,5,420,5.0906310081
7,12,6,504,6.2359771729
7,12,7,588,7.542402029
7,12,8,672,9.1101911068
7,12,9,756,10.8372008801
7,12,10,840,12.5536730289
7,12,11,924,14.120775938
7,12,12,1008,18.2317910194
7,12,13,1092,20.6043639183
7,12,14,1176,22.9925169945
7,13,2,182,2.3128099442
7,13,3,273,3.3307509422
7,13,4,364,4.3806021214
7,13,5,455,5.538216114
7,13,6,546,6.9246780872
7,13,7,637,8.5451378822
7,13,8,728,11.122218132
7,13,9,819,12.0094249249
7,13,10,910,15.0192158222
7,13,11,1001,17.3144850731
7,13,12,1092,21.2607309818
7,13,13,1183,24.8437478542
7,13,14,1274,27.6129729748
7,14,2,196,2.4883780479
7,14,3,294,3.60927701
7,14,4,392,4.7336988449
7,14,5,490,5.9966030121
7,14,6,588,7.4329049587
7,14,7,686,9.0402779579
7,14,8,784,10.924875021
7,14,9,882,13.2287352085
7,14,10,980,15.9351229668
7,14,11,1078,17.7397210598
7,14,12,1176,21.0087428093
7,14,13,1274,24.7367649078
7,14,14,1372,30.8484630585
8,2,2,32,0.3579318523
8,2,3,48,0.5269289017
8,2,4,64,0.7064700127
8,2,5,80,0.8805119991
8,2,6,96,1.0556261539
8,2,7,112,1.2273290157
8,2,8,128,1.4137489796
8,2,9,144,1.5871510506
8,2,10,160,1.7673830986
8,2,11,176,1.9412670135
8,2,12,192,2.1273999214
8,2,13,208,2.2926340103
8,2,14,224,2.4750440121
8,3,2,48,0.5466041565
8,3,3,72,0.8084101677
8,3,4,96,1.0656518936
8,3,5,120,1.3427839279
8,3,6,144,1.6126480103
8,3,7,168,1.9025661945
8,3,8,192,2.17907691
8,3,9,216,2.4555211067
8,3,10,240,2.7459740639
8,3,11,264,3.0665411949
8,3,12,288,3.3439359665
8,3,13,312,3.6683621407
8,3,14,336,3.967523098
8,4,2,64,0.7361531258
8,4,3,96,1.0784502029
8,4,4,128,1.4487988949
8,4,5,160,1.8121628761
8,4,6,192,2.1757159233
8,4,7,224,2.5665848255
8,4,8,256,3.0123419762
8,4,9,288,3.3956580162
8,4,10,320,3.8814630508
8,4,11,352,4.3329949379
8,4,12,384,4.9380199909
8,4,13,416,5.3541100025
8,4,14,448,5.8888258934
8,5,2,80,0.9335329533
8,5,3,120,1.3745560646
8,5,4,160,1.8209059238
8,5,5,200,2.3021709919
8,5,6,240,2.7630710602
8,5,7,280,3.3382167816
8,5,8,320,3.8263130188
8,5,9,360,4.3118388653
8,5,10,400,4.9824459553
8,5,11,440,5.547465086
8,5,12,480,6.2503380775
8,5,13,520,6.708876133
8,5,14,560,7.3756959438
8,6,2,96,1.1339530945
8,6,3,144,1.6577708721
8,6,4,192,2.1968410015
8,6,5,240,2.7754909992
8,6,6,288,3.3710691929
8,6,7,336,3.9241540432
8,6,8,384,4.6786971092
8,6,9,432,5.3065230846
8,6,10,480,6.1268758774
8,6,11,528,6.8287670612
8,6,12,576,7.413973093
8,6,13,624,8.5618360043
8,6,14,672,9.2964978218
8,7,2,112,1.3294169903
8,7,3,168,1.9556901455
8,7,4,224,2.6114211082
8,7,5,280,3.2802629471
8,7,6,336,4.0749628544
8,7,7,392,4.8737568855
8,7,8,448,5.7561120987
8,7,9,504,6.6591119766
8,7,10,560,7.733027935
8,7,11,616,8.7806777954
8,7,12,672,9.8499360085
8,7,13,728,11.0387859344
8,7,14,784,12.5526797771
8,8,2,128,1.5596249104
8,8,3,192,2.2453570366
8,8,4,256,2.9953389168
8,8,5,320,3.7678580284
8,8,6,384,4.6270999908
8,8,7,448,5.4841899872
8,8,8,512,6.5147140026
8,8,9,576,7.5682220459
8,8,10,640,8.5372309685
8,8,11,704,9.8086519241
8,8,12,768,11.2998631001
8,8,13,832,13.5246469975
8,8,14,896,14.0398690701
8,9,2,144,1.7669270039
8,9,3,216,2.5726490021
8,9,4,288,3.4005761147
8,9,5,360,4.3432588577
8,9,6,432,5.3632278442
8,9,7,504,6.4072260857
8,9,8,576,7.9185671806
8,9,9,648,8.9211521149
8,9,10,720,10.9020907879
8,9,11,792,12.3742568493
8,9,12,864,14.5737910271
8,9,13,936,17.3711020947
8,9,14,1008,18.6592891216
8,10,2,160,1.9851720333
8,10,3,240,2.8876898289
8,10,4,320,3.7596459389
8,10,5,400,4.7874660492
8,10,6,480,5.9592890739
8,10,7,560,7.1631951332
8,10,8,640,8.4159491062
8,10,9,720,10.0984611511
8,10,10,800,11.955728054
8,10,11,880,14.0345549583
8,10,12,960,16.2258508205
8,10,13,1040,17.1418969631
8,10,14,1120,20.9001119137
8,11,2,176,2.2187840939
8,11,3,264,3.2183279991
8,11,4,352,4.225675106
8,11,5,440,5.3798701763
8,11,6,528,6.809458971
8,11,7,616,8.0229070187
8,11,8,704,10.3962318897
8,11,9,792,12.0795190334
8,11,10,880,14.5618860722
8,11,11,968,17.0197429657
8,11,12,1056,19.6796898842
8,11,13,1144,22.7555570602
8,11,14,1232,25.827121973
8,12,2,192,2.4669859409
8,12,3,288,3.5368030071
8,12,4,384,4.6333088875
8,12,5,480,5.8663468361
8,12,6,576,7.2391741276
8,12,7,672,8.7723701
8,12,8,768,11.273704052
8,12,9,864,13.1151630878
8,12,10,960,15.0921630859
8,12,11,1056,18.3786528111
8,12,12,1152,22.9625151157
8,12,13,1248,24.2659490108
8,12,14,1344,29.8671238422
8,13,2,208,2.6766250134
8,13,3,312,3.8499519825
8,13,4,416,5.0936288834
8,13,5,520,6.5669720173
8,13,6,624,8.2734389305
8,13,7,728,9.824023962
8,13,8,832,12.6340970993
8,13,9,936,15.0149009228
8,13,10,1040,19.3764219284
8,13,11,1144,23.5763790607
8,13,12,1248,27.195597887
8,13,13,1352,33.7153310776
8,13,14,1456,39.177708149
8,14,2,224,2.9315919876
8,14,3,336,4.2238070965
8,14,4,448,5.5013000965
8,14,5,560,6.9885339737
8,14,6,672,8.7945518494
8,14,7,784,10.7513029575
8,14,8,896,13.5802340508
8,14,9,1008,16.9674940109
8,14,10,1120,20.7521729469
8,14,11,1232,23.0565600395
8,14,12,1344,28.4411549568
8,14,13,1456,34.1727609634
8,14,14,1568,37.1798789501
9,2,2,36,0.4036729336
9,2,3,54,0.5992898941
9,2,4,72,0.7997238636
9,2,5,90,0.9875791073
9,2,6,108,1.1927630901
9,2,7,126,1.3947019577
9,2,8,144,1.5810518265
9,2,9,162,1.7813689709
9,2,10,180,1.9898149967
9,2,11,198,2.1853561401
9,2,12,216,2.3750648499
9,2,13,234,2.5704548359
9,2,14,252,2.7824499607
9,3,2,54,0.6156830788
9,3,3,81,0.9163849354
9,3,4,108,1.1972799301
9,3,5,135,1.5088050365
9,3,6,162,1.8215129375
9,3,7,189,2.1369850636
9,3,8,216,2.4383430481
9,3,9,243,2.776263237
9,3,10,270,3.0829029083
9,3,11,297,3.4029078484
9,3,12,324,3.7695319653
9,3,13,351,4.127311945
9,3,14,378,4.4760990143
9,4,2,72,0.8254728317
9,4,3,108,1.2259371281
9,4,4,144,1.6233768463
9,4,5,180,2.0453760624
9,4,6,216,2.4781711102
9,4,7,252,2.9151740074
9,4,8,288,3.3565499783
9,4,9,324,3.8020489216
9,4,10,360,4.3002109528
9,4,11,396,4.7416639328
9,4,12,432,5.3476579189
9,4,13,468,5.8436470032
9,4,14,504,6.4654729366
9,5,2,90,1.0504469872
9,5,3,135,1.5515239239
9,5,4,180,2.0458300114
9,5,5,225,2.5904259682
9,5,6,270,3.1689021587
9,5,7,315,3.7367539406
9,5,8,360,4.3465008736
9,5,9,405,4.9439620972
9,5,10,450,5.6248791218
9,5,11,495,6.285629034
9,5,12,540,7.1236071587
9,5,13,585,8.021228075
9,5,14,630,8.656263113
9,6,2,108,1.2792351246
9,6,3,162,1.8876628876
9,6,4,216,2.4976680279
9,6,5,270,3.0963950157
9,6,6,324,3.747040987
9,6,7,378,4.4763770103
9,6,8,432,5.3148379326
9,6,9,486,6.1425788403
9,6,10,540,6.9237499237
9,6,11,594,7.7823908329
9,6,12,648,8.6785640717
9,6,13,702,9.8692519665
9,6,14,756,11.3426969051
9,7,2,126,1.5270590782
9,7,3,189,2.2087509632
9,7,4,252,2.94257617
9,7,5,315,3.7278089523
9,7,6,378,4.6237490177
9,7,7,441,5.432543993
9,7,8,504,6.6207940578
9,7,9,567,7.8641791344
9,7,10,630,9.0452339649
9,7,11,693,9.790282011
9,7,12,756,11.3427259922
9,7,13,819,12.3795440197
9,7,14,882,15.3839740753
9,8,2,144,1.7580640316
9,8,3,216,2.5688920021
9,8,4,288,3.4021129608
9,8,5,360,4.2635290623
9,8,6,432,5.2355110645
9,8,7,504,6.2430670261
9,8,8,576,7.4835999012
9,8,9,648,8.7218580246
9,8,10,720,10.7092759609
9,8,11,792,11.5933279991
9,8,12,864,13.7735331059
9,8,13,936,15.1380579472
9,8,14,1008,16.8909349442
9,9,2,162,2.0192019939
9,9,3,243,2.925632
9,9,4,324,3.8665010929
9,9,5,405,4.8933091164
9,9,6,486,6.0781710148
9,9,7,567,7.3728570938
9,9,8,648,9.0411520004
9,9,9,729,10.5496108532
9,9,10,810,12.453897953
9,9,11,891,15.2818551064
9,9,12,972,17.8797700405
9,9,13,1053,18.751721859
9,9,14,1134,22.6778829098
9,10,2,180,2.260559082
9,10,3,270,3.2701439857
9,10,4,360,4.301197052
9,10,5,450,5.4919490814
9,10,6,540,6.7926771641
9,10,7,630,8.2558550835
9,10,8,720,9.9465548992
9,10,9,810,11.562445879
9,10,10,900,14.0644800663
9,10,11,990,15.9388949871
9,10,12,1080,19.0521318913
9,10,13,1170,21.9788999557
9,10,14,1260,30.4661221504
9,11,2,198,2.5284368992
9,11,3,297,3.6557531357
9,11,4,396,4.7577829361
9,11,5,495,6.0078780651
9,11,6,594,7.7806899548
9,11,7,693,9.5064320564
9,11,8,792,12.1909990311
9,11,9,891,14.041503191
9,11,10,990,17.7473978996
9,11,11,1089,20.1899898052
9,11,12,1188,25.0107660294
9,11,13,1287,29.1920530796
9,11,14,1386,36.8357300758
9,12,2,216,2.8070349693
9,12,3,324,3.9928529263
9,12,4,432,5.2701368332
9,12,5,540,6.7150099277
9,12,6,648,8.4520699978
9,12,7,756,10.2298738956
9,12,8,864,13.1869637966
9,12,9,972,15.8300499916
9,12,10,1080,20.8254289627
9,12,11,1188,23.157310009
9,12,12,1296,29.9773199558
9,12,13,1404,29.5910270214
9,12,14,1512,38.9184048176
9,13,2,234,3.0764291286
9,13,3,351,4.3985991478
9,13,4,468,5.76821208
9,13,5,585,7.4711589813
9,13,6,702,9.4071497917
9,13,7,819,11.6571800709
9,13,8,936,14.8231668472
9,13,9,1053,18.1889381409
9,13,10,1170,23.3777611256
9,13,11,1287,27.2723281384
9,13,12,1404,34.5032939911
9,13,13,1521,40.907613039
9,13,14,1638,47.0867300034
9,14,2,252,3.3622910976
9,14,3,378,4.8032550812
9,14,4,504,6.2865989208
9,14,5,630,8.029446125
9,14,6,756,10.1271090508
9,14,7,882,12.1631309986
9,14,8,1008,16.2083399296
9,14,9,1134,20.9255490303
9,14,10,1260,25.7425470352
9,14,11,1386,28.2315289974
9,14,12,1512,43.0517909527
9,14,13,1638,43.7558979988
9,14,14,1764,58.6351499557
10,2,2,40,0.4523918629
10,2,3,60,0.664388895
10,2,4,80,0.883546114
10,2,5,100,1.1065349579
10,2,6,120,1.3284299374
10,2,7,140,1.5433897972
10,2,8,160,1.7696039677
10,2,9,180,1.9977221489
10,2,10,200,2.2021839619
10,2,11,220,2.4228301048
10,2,12,240,2.649075985
10,2,13,260,2.856815815
10,2,14,280,3.0906748772
10,3,2,60,0.6888699532
10,3,3,90,1.010365963
10,3,4,120,1.3456978798
10,3,5,150,1.6842448711
10,3,6,180,2.0211458206
10,3,7,210,2.3631701469
10,3,8,240,2.7632961273
10,3,9,270,3.1172459126
10,3,10,300,3.4880290031
10,3,11,330,3.892138958
10,3,12,360,4.2080011368
10,3,13,390,4.6608769894
10,3,14,420,5.0168619156
10,4,2,80,0.9271318913
10,4,3,120,1.3618099689
10,4,4,160,1.8111879826
10,4,5,200,2.290902853
10,4,6,240,2.8056759834
10,4,7,280,3.2626700401
10,4,8,320,3.8326940536
10,4,9,360,4.3297481537
10,4,10,400,4.9576978683
10,4,11,440,5.4406280518
10,4,12,480,6.1880390644
10,4,13,520,6.7526369095
10,4,14,560,7.656938076
10,5,2,100,1.1967771053
10,5,3,150,1.7283771038
10,5,4,200,2.3020219803
10,5,5,250,2.8601498604
10,5,6,300,3.4960229397
10,5,7,350,4.2303261757
10,5,8,400,4.9197318554
10,5,9,450,5.609331131
10,5,10,500,6.5392510891
10,5,11,550,7.2540988922
10,5,12,600,8.1019361019
10,5,13,650,8.8859789371
10,5,14,700,9.6953217983
10,6,2,120,1.4431378841
10,6,3,180,2.122081995
10,6,4,240,2.7933781147
10,6,5,300,3.4909470081
10,6,6,360,4.2717189789
10,6,7,420,4.9984509945
10,6,8,480,5.9228079319
10,6,9,540,6.9499518871
10,6,10,600,8.1100611687
10,6,11,660,8.9653980732
10,6,12,720,10.3505711555
10,6,13,780,11.0747020245
10,6,14,840,13.2362999916
10,7,2,140,1.7118139267
10,7,3,210,2.495650053
10,7,4,280,3.2560300827
10,7,5,350,4.1672420502
10,7,6,420,5.118035078
10,7,7,490,6.1592741013
10,7,8,560,7.582805872
10,7,9,630,8.4306437969
10,7,10,700,10.8985099792
10,7,11,770,11.774171114
10,7,12,840,13.8510739803
10,7,13,910,15.9853379726
10,7,14,980,19.3516161442
10,8,2,160,1.9789981842
10,8,3,240,2.8718469143
10,8,4,320,3.7650091648
10,8,5,400,4.7593169212
10,8,6,480,5.8296349049
10,8,7,560,7.1646068096
10,8,8,640,8.442414999
10,8,9,720,9.9067149162
10,8,10,800,12.013532877
10,8,11,880,13.4067111015
10,8,12,960,15.3038249016
10,8,13,1040,17.8850250244
10,8,14,1120,21.2343351841
10,9,2,180,2.2558391094
10,9,3,270,3.2731339931
10,9,4,360,4.2851030827
10,9,5,450,5.4538919926
10,9,6,540,7.0521390438
10,9,7,630,8.4766469002
10,9,8,720,10.7332470417
10,9,9,810,11.9672949314
10,9,10,900,14.301525116
10,9,11,990,17.8878991604
10,9,12,1080,20.5226578712
10,9,13,1170,25.2022519112
10,9,14,1260,29.2788331509
10,10,2,200,2.5510470867
10,10,3,300,3.6930627823
10,10,4,400,4.7920668125
10,10,5,500,6.1274189949
10,10,6,600,7.6543419361
10,10,7,700,9.2635390759
10,10,8,800,11.6785960197
10,10,9,900,13.3257718086
10,10,10,1000,16.6095268726
10,10,11,1100,19.9742660522
10,10,12,1200,23.5909950733
10,10,13,1300,26.8049590588
10,10,14,1400,30.1441321373
10,11,2,220,2.8408539295
10,11,3,330,4.0907211304
10,11,4,440,5.3881151676
10,11,5,550,6.8328740597
10,11,6,660,8.7615439892
10,11,7,770,10.856610775
10,11,8,880,13.6524999142
10,11,9,990,16.5892379284
10,11,10,1100,20.6699018478
10,11,11,1210,28.3334028721
10,11,12,1320,32.321587801
10,11,13,1430,38.7834658623
10,11,14,1540,46.7209119797
10,12,2,240,3.1429059505
10,12,3,360,4.5053930283
10,12,4,480,5.9285509586
10,12,5,600,7.5279378891
10,12,6,720,9.5069391727
10,12,7,840,11.7217991352
10,12,8,960,14.3504178524
10,12,9,1080,18.0692930222
10,12,10,1200,23.7684822083
10,12,11,1320,28.3191621304
10,12,12,1440,31.2059879303
10,12,13,1560,37.5182020664
10,12,14,1680,46.7658400536
10,13,2,260,3.4746129513
10,13,3,390,4.9552638531
10,13,4,520,6.4696009159
10,13,5,650,8.359099865
10,13,6,780,10.9605841637
10,13,7,910,13.6157469749
10,13,8,1040,17.6167259216
10,13,9,1170,22.4733798504
10,13,10,1300,28.4085891247
10,13,11,1430,35.4491758347
10,13,12,1560,43.7384340763
10,13,13,1690,52.3336391449
10,13,14,1820,55.2267451286
10,14,2,280,3.7837591171
10,14,3,420,5.4056649208
10,14,4,560,7.0426280499
10,14,5,700,9.0343921185
10,14,6,840,11.7787690163
10,14,7,980,14.6854689121
10,14,8,1120,18.7048580647
10,14,9,1260,23.9236450195
10,14,10,1400,28.9860808849
10,14,11,1540,38.8716471195
10,14,12,1680,43.123652935
10,14,13,1820,51.6012868881
10,14,14,1960,70.4330849648
11,2,2,44,0.4935150146
11,2,3,66,0.7387440205
11,2,4,88,0.9813530445
11,2,5,110,1.2202529907
11,2,6,132,1.456733942
11,2,7,154,1.6988391876
11,2,8,176,1.9425370693
11,2,9,198,2.1946680546
11,2,10,220,2.4410851002
11,2,11,242,2.6798431873
11,2,12,264,2.9117050171
11,2,13,286,3.1686952114
11,2,14,308,3.4101788998
11,3,2,66,0.7567369938
11,3,3,99,1.1411318779
11,3,4,132,1.4892771244
11,3,5,165,1.8627870083
11,3,6,198,2.2552759647
11,3,7,231,2.6138520241
11,3,8,264,3.0176119804
11,3,9,297,3.4326720238
11,3,10,330,3.8326218128
11,3,11,363,4.2198181152
11,3,12,396,4.7243728638
11,3,13,429,5.1246848106
11,3,14,462,5.5660820007
11,4,2,88,1.0275859833
11,4,3,132,1.5095620155
11,4,4,176,1.995595932
11,4,5,220,2.5071971416
11,4,6,264,3.0448420048
11,4,7,308,3.5971808434
11,4,8,352,4.2425749302
11,4,9,396,4.7470161915
11,4,10,440,5.3108530045
11,4,11,484,5.8937821388
11,4,12,528,6.6818680763
11,4,13,572,7.4043829441
11,4,14,616,8.0614008904
11,5,2,110,1.3130130768
11,5,3,165,1.9011650085
11,5,4,220,2.5311849117
11,5,5,275,3.1762127876
11,5,6,330,3.9192910194
11,5,7,385,4.5995130539
11,5,8,440,5.4039771557
11,5,9,495,6.3630430698
11,5,10,550,6.8950161934
11,5,11,605,7.9247629642
11,5,12,660,9.058027029
11,5,13,715,10.1717498302
11,5,14,770,11.0686640739
11,6,2,132,1.6022939682
11,6,3,198,2.3193020821
11,6,4,264,3.0995368958
11,6,5,330,3.8846311569
11,6,6,396,4.6698288918
11,6,7,462,5.5444769859
11,6,8,528,6.6103789806
11,6,9,594,7.739374876
11,6,10,660,8.8752770424
11,6,11,726,9.8668129444
11,6,12,792,11.3311159611
11,6,13,858,12.7795600891
11,6,14,924,14.4682700634
11,7,2,154,1.8990089893
11,7,3,231,2.7444119453
11,7,4,308,3.63712883
11,7,5,385,4.675303936
11,7,6,462,5.8069489002
11,7,7,539,6.7898139954
11,7,8,616,8.4718079567
11,7,9,693,9.6609148979
11,7,10,770,11.8202290535
11,7,11,847,13.3992500305
11,7,12,924,16.1502568722
11,7,13,1001,17.5151259899
11,7,14,1078,20.8976259232
11,8,2,176,2.208108902
11,8,3,264,3.1900179386
11,8,4,352,4.18303895
11,8,5,440,5.3086311817
11,8,6,528,6.6120109558
11,8,7,616,7.8314390182
11,8,8,704,9.6779911518
11,8,9,792,11.4572560787
11,8,10,880,13.4750709534
11,8,11,968,15.0937068462
11,8,12,1056,17.4723899364
11,8,13,1144,20.0434281826
11,8,14,1232,25.5634489059
11,9,2,198,2.5391740799
11,9,3,297,3.6445100307
11,9,4,396,4.7925319672
11,9,5,495,6.0892488956
11,9,6,594,7.4701797962
11,9,7,693,9.2371520996
11,9,8,792,11.4273810387
11,9,9,891,13.9536528587
11,9,10,990,17.3764240742
11,9,11,1089,19.5993189812
11,9,12,1188,23.5873110294
11,9,13,1287,25.7732710838
11,9,14,1386,34.9194560051
11,10,2,220,2.851115942
11,10,3,330,4.1048340797
11,10,4,440,5.3518168926
11,10,5,550,6.8616509438
11,10,6,660,8.7039289474
11,10,7,770,10.3462851048
11,10,8,880,14.1138389111
11,10,9,990,15.767663002
11,10,10,1100,21.2106320858
11,10,11,1210,23.3727369308
11,10,12,1320,27.2701010704
11,10,13,1430,33.9749848843
11,10,14,1540,37.3611910343
11,11,2,242,3.1699750423
11,11,3,363,4.56614995
11,11,4,484,5.9659612179
11,11,5,605,7.676692009
11,11,6,726,9.5527050495
11,11,7,847,12.1171939373
11,11,8,968,15.7126641273
11,11,9,1089,18.9981470108
11,11,10,1210,24.7274641991
11,11,11,1331,28.7267200947
11,11,12,1452,37.5476741791
11,11,13,1573,45.4138848782
11,11,14,1694,49.9646790028
11,12,2,264,3.5237619877
11,12,3,396,5.0370509624
11,12,4,528,6.5986511707
11,12,5,660,8.4844789505
11,12,6,792,10.8214058876
11,12,7,924,12.9294421673
11,12,8,1056,17.0448739529
11,12,9,1188,19.0498440266
11,12,10,1320,27.2920768261
11,12,11,1452,35.0809369087
11,12,12,1584,42.7749810219
11,12,13,1716,46.2187180519
11,12,14,1848,62.8545899391
11,13,2,286,3.8822178841
11,13,3,429,5.5157539845
11,13,4,572,7.2465109825
11,13,5,715,9.1803119183
11,13,6,858,12.3664929867
11,13,7,1001,15.7658600807
11,13,8,1144,20.0652809143
11,13,9,1287,25.3396720886
11,13,10,1430,34.8739020824
11,13,11,1573,40.041975975
11,13,12,1716,60.9327738285
11,13,13,1859,68.3862099648
11,13,14,2002,72.7907180786
11,14,2,308,4.2642428875
11,14,3,462,6.0080578327
11,14,4,616,7.8457899094
11,14,5,770,10.1048660278
11,14,6,924,12.7831289768
11,14,7,1078,15.9613668919
11,14,8,1232,21.2279920578
11,14,9,1386,28.0354859829
11,14,10,1540,36.0513939857
11,14,11,1694,43.6122579575
11,14,12,1848,54.321295023
11,14,13,2002,63.2130420208
11,14,14,2156,85.4885861874
12,2,2,48,0.543432951
12,2,3,72,0.8049721718
12,2,4,96,1.080021143
12,2,5,120,1.3298408985
12,2,6,144,1.5933101177
12,2,7,168,1.8593518734
12,2,8,192,2.1370241642
12,2,9,216,2.3845231533
12,2,10,240,2.6498959064
12,2,11,264,2.920593977
12,2,12,288,3.179587841
12,2,13,312,3.457752943
12,2,14,336,3.7243959904
12,3,2,72,0.8311488628
12,3,3,108,1.219933033
12,3,4,144,1.6319220066
12,3,5,180,2.0252840519
12,3,6,216,2.4571239948
12,3,7,252,2.863161087
12,3,8,288,3.3391098976
12,3,9,324,3.8140590191
12,3,10,360,4.2969038486
12,3,11,396,4.6605038643
12,3,12,432,5.2300031185
12,3,13,468,5.6907970905
12,3,14,504,6.2203879356
12,4,2,96,1.1322000027
12,4,3,144,1.6634399891
12,4,4,192,2.2072520256
12,4,5,240,2.7462668419
12,4,6,288,3.3313438892
12,4,7,336,3.9828829765
12,4,8,384,4.6238329411
12,4,9,432,5.3087229729
12,4,10,480,5.9813220501
12,4,11,528,6.6465389729
12,4,12,576,7.618999958
12,4,13,624,8.4045917988
12,4,14,672,9.8593540192
12,5,2,120,1.4530158043
12,5,3,180,2.1035480499
12,5,4,240,2.7767181396
12,5,5,300,3.5165719986
12,5,6,360,4.2528169155
12,5,7,420,5.0395829678
12,5,8,480,5.955696106
12,5,9,540,6.9178190231
12,5,10,600,7.8511400223
12,5,11,660,8.8237440586
12,5,12,720,10.2144620419
12,5,13,780,10.9241549969
12,5,14,840,12.7869999409
12,6,2,144,1.7563118935
12,6,3,216,2.5614390373
12,6,4,288,3.3574519157
12,6,5,360,4.249407053
12,6,6,432,5.184401989
12,6,7,504,6.1186540127
12,6,8,576,7.3601570129
12,6,9,648,8.5656719208
12,6,10,720,9.9208059311
12,6,11,792,11.2522790432
12,6,12,864,12.443351984
12,6,13,936,14.625289917
12,6,14,1008,16.2074289322
12,7,2,168,2.0915830135
12,7,3,252,3.0128469467
12,7,4,336,3.9912779331
12,7,5,420,5.0718989372
12,7,6,504,6.2555119991
12,7,7,588,7.581745863
12,7,8,672,9.622923851
12,7,9,756,10.977658987
12,7,10,840,12.9454040527
12,7,11,924,15.118983984
12,7,12,1008,17.7505779266
12,7,13,1092,19.8041579723
12,7,14,1176,23.6447689533
12,8,2,192,2.4345371723
12,8,3,288,3.5160319805
12,8,4,384,4.6320178509
12,8,5,480,5.7708268166
12,8,6,576,7.131346941
12,8,7,672,8.6860089302
12,8,8,768,10.5097458363
12,8,9,864,12.4586648941
12,8,10,960,15.9144239426
12,8,11,1056,16.4572079182
12,8,12,1152,20.9910280704
12,8,13,1248,22.0166559219
12,8,14,1344,28.6525440216
12,9,2,216,2.7932858467
12,9,3,324,4.013646841
12,9,4,432,5.2819030285
12,9,5,540,6.7565619946
12,9,6,648,8.2915179729
12,9,7,756,10.357514143
12,9,8,864,12.7186541557
12,9,9,972,15.371833086
12,9,10,1080,19.087553978
12,9,11,1188,22.8242549896
12,9,12,1296,30.4513270855
12,9,13,1404,35.9292361736
12,9,14,1512,44.7042679787
12,10,2,240,3.1413500309
12,10,3,360,4.4848740101
12,10,4,480,5.8780322075
12,10,5,600,7.4826869965
12,10,6,720,9.5003621578
12,10,7,840,11.4802470207
12,10,8,960,14.3794081211
12,10,9,1080,17.133690834
12,10,10,1200,22.4346389771
12,10,11,1320,27.9058039188
12,10,12,1440,31.7556610107
12,10,13,1560,41.1288192272
12,10,14,1680,43.4994599819
12,11,2,264,3.5142359734
12,11,3,396,5.0212218761
12,11,4,528,6.6138160229
12,11,5,660,8.4611589909
12,11,6,792,10.6236109734
12,11,7,924,13.3585529327
12,11,8,1056,17.3314650059
12,11,9,1188,20.858561039
12,11,10,1320,29.6012308598
12,11,11,1452,33.4053459167
12,11,12,1584,43.7283878326
12,11,13,1716,55.8335411549
12,11,14,1848,71.0501871109
12,12,2,288,3.9249069691
12,12,3,432,5.5362479687
12,12,4,576,7.2535588741
12,12,5,720,9.2220590115
12,12,6,864,11.6636960506
12,12,7,1008,14.0175828934
12,12,8,1152,18.5023570061
12,12,9,1296,24.01466012
12,12,10,1440,34.1889410019
12,12,11,1584,38.3993198872
12,12,12,1728,49.8128428459
12,12,13,1872,54.2677369118
12,12,14,2016,83.3284409046
12,13,2,312,4.2796139717
12,13,3,468,6.1177809238
12,13,4,624,7.9665410519
12,13,5,780,10.420609951
12,13,6,936,13.7411749363
12,13,7,1092,16.7411248684
12,13,8,1248,24.3432109356
12,13,9,1404,29.8057851791
12,13,10,1560,37.6623060703
12,13,11,1716,43.2845480442
12,13,12,1872,66.3281781673
12,13,13,2028,84.5379161835
12,13,14,2184,97.9266960621
12,14,2,336,4.7196018696
12,14,3,504,6.6564359665
12,14,4,672,8.6167151928
12,14,5,840,11.1792089939
12,14,6,1008,14.3679199219
12,14,7,1176,18.7224800587
12,14,8,1344,26.4718501568
12,14,9,1512,30.6178100109
12,14,10,1680,40.6192409992
12,14,11,1848,54.5305380821
12,14,12,2016,71.0337150097
12,14,13,2184,86.2076499462
12,14,14,2352,102.2448010445
13,2,2,52,0.5921359062
13,2,3,78,0.8696899414
13,2,4,104,1.1508250237
13,2,5,130,1.4438130856
13,2,6,156,1.7176680565
13,2,7,182,2.0148389339
13,2,8,208,2.295550108
13,2,9,234,2.5740091801
13,2,10,260,2.8676438332
13,2,11,286,3.1661610603
13,2,12,312,3.4336259365
13,2,13,338,3.7370312214
13,2,14,364,4.0339128971
13,3,2,78,0.9018721581
13,3,3,117,1.3215711117
13,3,4,156,1.7801220417
13,3,5,195,2.210490942
13,3,6,234,2.6847479343
13,3,7,273,3.1519291401
13,3,8,312,3.6422250271
13,3,9,351,4.1329779625
13,3,10,390,4.6262969971
13,3,11,429,5.0818510056
13,3,12,468,5.6560461521
13,3,13,507,6.2402029037
13,3,14,546,6.7372689247
13,4,2,104,1.2343528271
13,4,3,156,1.80210495
13,4,4,208,2.3852579594
13,4,5,260,3.0029621124
13,4,6,312,3.6242649555
13,4,7,364,4.3255970478
13,4,8,416,5.0433390141
13,4,9,468,5.7548930645
13,4,10,520,6.4161190987
13,4,11,572,7.1948750019
13,4,12,624,8.0625171661
13,4,13,676,8.8052089214
13,4,14,728,9.9397609234
13,5,2,130,1.5833768845
13,5,3,195,2.2794852257
13,5,4,260,3.0260920525
13,5,5,325,3.7970509529
13,5,6,390,4.7096431255
13,5,7,455,5.5589821339
13,5,8,520,6.6722519398
13,5,9,585,7.5507390499
13,5,10,650,8.754417181
13,5,11,715,9.8954050541
13,5,12,780,11.5297110081
13,5,13,845,12.5093200207
13,5,14,910,13.777340889
13,6,2,156,1.9228291512
13,6,3,234,2.7878050804
13,6,4,312,3.669121027
13,6,5,390,4.6301989555
13,6,6,468,5.7920479774
13,6,7,546,6.8784418106
13,6,8,624,7.8325030804
13,6,9,702,9.1420509815
13,6,10,780,10.7738139629
13,6,11,858,12.1187200546
13,6,12,936,14.0034458637
13,6,13,1014,15.7703819275
13,6,14,1092,18.5664849281
13,7,2,182,2.2885198593
13,7,3,273,3.2876698971
13,7,4,364,4.3358178139
13,7,5,455,5.4922599792
13,7,6,546,6.8463909626
13,7,7,637,8.038161993
13,7,8,728,10.2307748795
13,7,9,819,12.1197581291
13,7,10,910,15.3029088974
13,7,11,1001,17.1336100101
13,7,12,1092,19.0831539631
13,7,13,1183,21.5638208389
13,7,14,1274,26.5136768818
13,8,2,208,2.6665318012
13,8,3,312,3.8033668995
13,8,4,416,5.0143737793
13,8,5,520,6.3525729179
13,8,6,624,7.9248120785
13,8,7,728,9.7414770126
13,8,8,832,11.1040141582
13,8,9,936,13.3304290771
13,8,10,1040,16.3812389374
13,8,11,1144,18.6832678318
13,8,12,1248,23.6037819386
13,8,13,1352,28.1013150215
13,8,14,1456,30.4349441528
13,9,2,234,3.0565130711
13,9,3,351,4.3865549564
13,9,4,468,5.6955831051
13,9,5,585,7.3414690495
13,9,6,702,9.1866481304
13,9,7,819,11.1226308346
13,9,8,936,14.5786759853
13,9,9,1053,17.324919939
13,9,10,1170,22.8150370121
13,9,11,1287,24.3296160698
13,9,12,1404,32.2905378342
13,9,13,1521,33.3310770988
13,9,14,1638,45.9279298782
13,10,2,260,3.4693009853
13,10,3,390,4.9163889885
13,10,4,520,6.4665470123
13,10,5,650,8.2561819553
13,10,6,780,10.4612271786
13,10,7,910,12.9102389812
13,10,8,1040,16.7351269722
13,10,9,1170,20.436989069
13,10,10,1300,24.2783191204
13,10,11,1430,35.0258469582
13,10,12,1560,35.5130410194
13,10,13,1690,44.3068258762
13,10,14,1820,56.8017570972
13,11,2,286,3.8499648571
13,11,3,429,5.4866440296
13,11,4,572,7.1800448895
13,11,5,715,9.2658009529
13,11,6,858,11.9758491516
13,11,7,1001,14.8865361214
13,11,8,1144,20.4639010429
13,11,9,1287,26.2803201675
13,11,10,1430,34.4926068783
13,11,11,1573,35.6890439987
13,11,12,1716,53.2179508209
13,11,13,1859,60.1850459576
13,11,14,2002,81.9746749401
13,12,2,312,4.2924280167
13,12,3,468,6.114825964
13,12,4,624,7.9656541348
13,12,5,780,10.2048809528
13,12,6,936,12.8585438728
13,12,7,1092,16.6370220184
13,12,8,1248,20.1945049763
13,12,9,1404,25.2615318298
13,12,10,1560,34.7441530228
13,12,11,1716,43.9232509136
13,12,12,1872,54.7662370205
13,12,13,2028,65.9732661247
13,12,14,2184,81.5123488903
13,13,2,338,4.7471339703
13,13,3,507,6.6823999882
13,13,4,676,8.7228469849
13,13,5,845,11.4587049484
13,13,6,1014,14.1861989498
13,13,7,1183,18.2350981236
13,13,8,1352,25.6159160137
13,13,9,1521,31.5414590836
13,13,10,1690,42.7951939106
13,13,11,1859,52.4758269787
13,13,12,2028,63.7213189602
13,13,13,2197,95.6452889442
13,13,14,2366,100.8046748638
13,14,2,364,5.19394207
13,14,3,546,7.3094649315
13,14,4,728,9.4401578903
13,14,5,910,12.2101690769
13,14,6,1092,15.8537321091
13,14,7,1274,20.6640608311
13,14,8,1456,25.3174009323
13,14,9,1638,35.2792780399
13,14,10,1820,51.0827999115
13,14,11,2002,69.0860569477
13,14,12,2184,85.4555878639
13,14,13,2366,102.6444590092
13,14,14,2548,122.7036380768
14,2,2,56,0.6372129917
14,2,3,84,0.9411759377
14,2,4,112,1.2412629128
14,2,5,140,1.5555579662
14,2,6,168,1.8559119701
14,2,7,196,2.1726801395
14,2,8,224,2.4639651775
14,2,9,252,2.7965419292
14,2,10,280,3.1093790531
14,2,11,308,3.4181969166
14,2,12,336,3.6916379929
14,2,13,364,4.0162818432
14,2,14,392,4.3712048531
14,3,2,84,0.9671058655
14,3,3,126,1.433303833
14,3,4,168,1.9131519794
14,3,5,210,2.3936469555
14,3,6,252,2.8928971291
14,3,7,294,3.4238359928
14,3,8,336,3.9630711079
14,3,9,378,4.4309511185
14,3,10,420,5.077682972
14,3,11,462,5.5183849335
14,3,12,504,6.1484599113
14,3,13,546,6.7813959122
14,3,14,588,7.4150769711
14,4,2,112,1.3301050663
14,4,3,168,1.9544439316
14,4,4,224,2.5625491142
14,4,5,280,3.2077641487
14,4,6,336,3.8907489777
14,4,7,392,4.5201220512
14,4,8,448,5.680439949
14,4,9,504,6.3848559856
14,4,10,560,7.2894580364
14,4,11,616,7.8774051666
14,4,12,672,9.0082929134
14,4,13,728,9.7158458233
14,4,14,784,10.8892199993
14,5,2,140,1.697576046
14,5,3,210,2.4733231068
14,5,4,280,3.2678329945
14,5,5,350,4.102009058
14,5,6,420,5.0385189056
14,5,7,490,5.9754958153
14,5,8,560,7.0700190067
14,5,9,630,8.2863409519
14,5,10,700,9.5583670139
14,5,11,770,10.5610260963
14,5,12,840,11.9837582111
14,5,13,910,13.3129889965
14,5,14,980,15.4419498444
14,6,2,168,2.0818870068
14,6,3,252,3.0213329792
14,6,4,336,3.9674971104
14,6,5,420,4.9845199585
14,6,6,504,6.1254611015
14,6,7,588,7.2360031605
14,6,8,672,8.486191988
14,6,9,756,10.1588010788
14,6,10,840,12.3851070404
14,6,11,924,13.9197900295
14,6,12,1008,15.5354628563
14,6,13,1092,18.0335068703
14,6,14,1176,20.457431078
14,7,2,196,2.4825630188
14,7,3,294,3.5796017647
14,7,4,392,4.7205479145
14,7,5,490,5.896586895
14,7,6,588,7.4923419952
14,7,7,686,9.1902010441
14,7,8,784,10.7856621742
14,7,9,882,13.1626729965
14,7,10,980,16.5402150154
14,7,11,1078,19.1531300545
14,7,12,1176,21.7517101765
14,7,13,1274,26.403897047
14,7,14,1372,29.8356499672
14,8,2,224,2.920101881
14,8,3,336,4.17532897
14,8,4,448,5.446917057
14,8,5,560,6.9105901718
14,8,6,672,8.6245360374
14,8,7,784,10.3987159729
14,8,8,896,12.4153158665
14,8,9,1008,15.1605348587
14,8,10,1120,17.8485372066
14,8,11,1232,21.157542944
14,8,12,1344,24.2951231003
14,8,13,1456,31.135627985
14,8,14,1568,30.6426370144
14,9,2,252,3.336468935
14,9,3,378,4.7683689594
14,9,4,504,6.1629030704
14,9,5,630,7.8884539604
14,9,6,756,10.2086269856
14,9,7,882,12.1983718872
14,9,8,1008,16.4679758549
14,9,9,1134,18.9836118221
14,9,10,1260,24.4273431301
14,9,11,1386,28.3736028671
14,9,12,1512,31.926101923
14,9,13,1638,46.5433049202
14,9,14,1764,58.5973110199
14,10,2,280,3.7733991146
14,10,3,420,5.3239059448
14,10,4,560,6.9677011967
14,10,5,700,8.9618880749
14,10,6,840,11.5430629253
14,10,7,980,14.511453867
14,10,8,1120,17.166066885
14,10,9,1260,20.6939959526
14,10,10,1400,30.0339539051
14,10,11,1540,32.0210609436
14,10,12,1680,39.4844658375
14,10,13,1820,45.2943320274
14,10,14,1960,57.7415139675
14,11,2,308,4.2429499626
14,11,3,462,6.0247540474
14,11,4,616,7.8020792007
14,11,5,770,9.9270138741
14,11,6,924,13.1106898785
14,11,7,1078,15.9714791775
14,11,8,1232,22.2823860645
14,11,9,1386,29.2580039501
14,11,10,1540,38.0272021294
14,11,11,1694,45.6892068386
14,11,12,1848,56.2282788754
14,11,13,2002,78.0253529549
14,11,14,2156,101.4702680111
14,12,2,336,4.7010560036
14,12,3,504,6.639177084
14,12,4,672,8.6533219814
14,12,5,840,11.2267839909
14,12,6,1008,14.0576808453
14,12,7,1176,17.3412258625
14,12,8,1344,22.5123019218
14,12,9,1512,29.208368063
14,12,10,1680,37.1632959843
14,12,11,1848,45.6431441307
14,12,12,2016,56.6588048935
14,12,13,2184,77.6260888577
14,12,14,2352,88.7188880444
14,13,2,364,5.2077920437
14,13,3,546,7.2684230804
14,13,4,728,9.4740681648
14,13,5,910,12.3095529079
14,13,6,1092,16.0704939365
14,13,7,1274,20.785877943
14,13,8,1456,27.1166100502
14,13,9,1638,37.1401569843
14,13,10,1820,47.3903319836
14,13,11,2002,59.9909927845
14,13,12,2184,76.222645998
14,13,13,2366,103.2010469437
14,13,14,2548,134.7734699249
14,14,2,392,5.7219250202
14,14,3,588,8.0241580009
14,14,4,784,10.2697458267
14,14,5,980,13.3224070072
14,14,6,1176,17.4261591434
14,14,7,1372,23.0759980679
14,14,8,1568,30.0533070564
14,14,9,1764,46.5929989815
14,14,10,1960,60.8920249939
14,14,11,2156,71.5523989201
14,14,12,2352,101.0195059776
14,14,13,2548,113.2985320091
14,14,14,2744,153.8422031403
